Year,Killed,Injured,Total
1961,332,,332
1962,339,,339
1963,335,,335
1964,341,,341
1965,356,,356
1966,382,,382
1967,416,,416
1968,447,9716,10163
1969,462,9566,10028
1970,540,9269,9809
1971,576,9629,10205
1972,640,8955,9595
1973,592,8762,9354
1974,594,8288,8882
1975,586,7198,7784
1976,525,7798,8323
1977,583,8515,9098
1978,628,9313,9941
1979,614,8250,8864
1980,564,8509,9068
1981,572,8283,8855
1982,533,8006,8539
1983,535,7946,8481
1984,465,8210,8675
1985,410,7818,8228
1986,387,8329,8716
1987,462,8409,8871
1988,463,8437,8900
1989,460,8803,9263
1990,478,9429,9907
1991,445,9874,10319
1992,415,10188,10603
1993,431,9831,10262
1994,404,10229,10633
1995,437,12673,13110
1996,453,13319,13772
1997,472,13115,13587
1998,458,12773,13231
1999,413,12340,12753
2000,415,12043,12458
2001,411,10222,10633
2002,376,9206,9582
2003,335,8262,8597
2004,374,7867,8241
2005,396,9318,9414
2006,365,8575,8943
2007,338,7806,8144
2008,279,9758,10037
2009,238,9742,9980
2010,212,8270,8482
2011,186,7235,7421
2012,163,7942,8105
2013,188,6880,7068
2014,192,8079,8271
2015,162,7840,8002
2016,182,7773,7955
2017,155,7782,7937
2018,139,8011,8150
2019,140,7579,7719
2020,147,5596,5743
